{
  "model_name": "Random Forest",
  "accuracy": 0.979,
  "f1_score": 0.979,
  "cv_mean": 0.9785,
  "cv_std": 0.0053,
  "features": [
    "age",
    "gender",
    "reading_score",
    "writing_score",
    "math_score",
    "attention_span",
    "memory_score",
    "processing_speed",
    "hyperactivity_score",
    "impulsivity_score",
    "social_skills",
    "fine_motor_skills",
    "phonological_awareness",
    "vocabulary_score",
    "parent_education",
    "family_history_ld",
    "sleep_hours",
    "screen_time",
    "class_participation",
    "emotional_stability"
  ],
  "feature_importance": {
    "age": 0.0027451484274167988,
    "gender": 0.0009167403364152508,
    "reading_score": 0.06426530580905919,
    "writing_score": 0.07199710018314429,
    "math_score": 0.11027263495929562,
    "attention_span": 0.04586740244322599,
    "memory_score": 0.03843465102941022,
    "processing_speed": 0.050921975019921226,
    "hyperactivity_score": 0.08492026522102729,
    "impulsivity_score": 0.0761423448715221,
    "social_skills": 0.014320381740597528,
    "fine_motor_skills": 0.1473436796728854,
    "phonological_awareness": 0.13386873594107251,
    "vocabulary_score": 0.055366162573880426,
    "parent_education": 0.0014468651213797189,
    "family_history_ld": 0.0008840231690955573,
    "sleep_hours": 0.006804978321240925,
    "screen_time": 0.0065853117593942,
    "class_participation": 0.06052492488467095,
    "emotional_stability": 0.026371368515344763
  },
  "classes": {
    "0": "No Disability",
    "1": "Dyslexia",
    "2": "Dysgraphia",
    "3": "Dyscalculia",
    "4": "ADHD"
  },
  "n_features": 20,
  "n_classes": 5
}